Auston Matthews,TOR,C,45,39,18,57,13,4,195,4,9,6,0,1,42,55
Sam Reinhart,FLA,RW,48,36,25,61,14,21,131,9,19,4,4,0,23,42
Nikita Kucherov,TB,RW,48,32,51,83,2,12,205,5,11,26,0,0,21,19
Nathan MacKinnon,COL,C,49,31,53,84,17,30,224,7,7,25,0,0,33,43
David Pastrnak,BOS,RW,48,31,38,69,12,39,240,4,11,17,0,0,34,12
Artemi Panarin,NYR,LW,48,29,34,63,-4,14,192,3,9,19,0,0,4,6
Zach Hyman,EDM,RW,43,29,17,46,17,36,161,4,9,4,0,0,33,26
Sidney Crosby,PIT,C,45,27,22,49,19,24,166,3,6,4,0,0,47,22
Mikko Rantanen,COL,RW,49,27,39,66,6,24,166,5,10,20,0,0,27,31
Brock Boeser,VAN,RW,48,27,21,48,20,4,129,3,10,4,0,0,22,17
Elias Pettersson,VAN,C,48,25,36,61,16,4,132,8,9,14,0,1,55,37
Jonathan Marchessault,VGK,LW,49,25,15,40,2,24,169,2,6,6,0,0,47,15
Carter Verhaeghe,FLA,C,48,24,25,49,14,22,156,5,6,4,0,0,27,14
Brad Marchand,BOS,LW,48,24,23,47,8,51,131,5,7,14,1,0,49,22
Filip Forsberg,NSH,RW,48,23,27,50,8,30,186,6,3,13,0,0,79,21
William Nylander,TOR,C,46,23,38,61,4,12,194,3,6,16,2,1,18,14
Brayden Point,TB,C,49,23,29,52,-12,8,133,5,7,12,0,0,9,31
Leon Draisaitl,EDM,C,44,22,32,54,9,48,125,3,9,11,0,1,18,15
Travis Konecny,PHI,C,49,22,20,42,13,42,162,2,2,2,5,0,33,14
Roope Hintz,DAL,LW,46,22,24,46,19,12,109,5,5,8,3,1,12,17
Valeri Nichushkin,COL,LW,40,22,20,42,9,18,128,4,13,3,0,2,46,17
Chris Kreider,NYR,LW,48,22,21,43,11,18,138,5,9,7,2,1,45,11
J.T. Miller,VAN,C,48,21,43,64,22,35,96,4,8,19,1,0,103,36
Brock Nelson,NYI,C,48,21,17,38,-12,18,153,1,6,7,1,0,20,25
Jake Guentzel,PIT,LW,45,21,27,48,12,14,167,2,4,7,0,0,29,18
Joel Eriksson Ek,MIN,C,48,21,18,39,11,38,180,4,9,4,1,0,91,38
Frank Vatrano,ANH,LW,48,21,13,34,-17,55,153,4,8,3,2,1,76,52
Trevor Moore,LA,LW,46,21,12,33,3,16,155,4,2,3,2,0,26,26
Clayton Keller,ARI,C,47,20,25,45,-15,24,144,4,6,13,0,0,10,17
Mitchell Marner,TOR,RW,46,20,31,51,10,14,118,2,6,9,1,0,26,39
Dylan Larkin,DET,C,42,20,24,44,-4,33,140,4,8,11,2,0,16,20
Bo Horvat,NYI,C,47,20,25,45,6,20,143,3,8,6,0,1,32,30
Blake Coleman,CGY,C,48,20,20,40,22,34,112,4,2,0,4,2,57,34
Tyler Toffoli,NJ,RW,46,20,13,33,-7,12,130,2,4,5,0,0,30,6
Steven Stamkos,TB,C,46,20,25,45,-20,22,141,3,11,16,0,0,31,18
Yegor Sharangovich,CGY,LW,48,20,14,34,-14,4,102,2,3,3,3,3,6,19
Brady Tkachuk,OTT,LW,44,19,18,37,-5,95,188,0,5,3,0,0,117,20
Joe Pavelski,DAL,RW,48,19,24,43,2,12,122,2,9,4,0,0,33,43
Jared McCann,SEA,LW,47,19,14,33,-7,19,119,3,7,6,0,0,20,18
Lawson Crouse,ARI,LW,46,19,10,29,0,30,102,1,4,3,0,1,80,29
Connor McDavid,EDM,C,42,19,44,63,15,24,139,2,5,18,0,0,58,19
Jack Eichel,VGK,C,42,19,25,44,1,10,173,4,7,7,0,1,14,40
Dylan Strome,WAS,C,46,18,12,30,-6,10,94,3,5,4,0,0,5,33
Kyle Connor,WPG,LW,30,18,11,29,-5,2,121,5,3,7,0,0,4,10
Kirill Kaprizov,MIN,LW,41,18,26,44,3,22,133,4,7,14,0,0,19,23
Alex DeBrincat,DET,RW,48,18,24,42,3,21,137,1,8,6,0,0,19,22
Jesper Bratt,NJ,LW,46,18,31,49,1,8,142,5,6,14,0,0,30,20
Owen Tippett,PHI,RW,46,18,12,30,-3,2,167,3,2,2,0,0,68,23
Robert Thomas,STL,C,47,17,34,51,14,32,95,2,2,8,1,2,9,26
Jason Robertson,DAL,LW,48,17,32,49,11,16,144,1,5,12,0,0,31,18
Sebastian Aho,CAR,LW,44,17,37,54,9,18,130,4,4,18,1,1,18,10
Charlie Coyle,BOS,C,48,17,24,41,11,26,99,4,4,1,0,1,54,33
Jeff Skinner,BUF,LW,40,17,16,33,-1,22,142,2,6,1,0,0,9,8
Ryan O'Reilly,NSH,C,48,17,25,42,4,8,117,1,11,8,0,0,16,34
Tyler Seguin,DAL,C,48,17,20,37,6,18,98,1,0,2,0,2,31,15
Joel Farabee,PHI,LW,49,17,23,40,8,29,115,2,2,4,0,0,26,41
Cole Caufield,MON,RW,48,17,21,38,-6,12,177,6,7,9,0,0,34,7
Matt Boldy,MIN,LW,41,16,17,33,3,36,110,2,6,6,0,0,10,14
John-Jason Peterka,BUF,RW,48,16,16,32,6,10,128,2,1,2,0,0,11,14
Evgeni Malkin,PIT,C,45,16,23,39,1,40,123,2,3,9,0,0,10,22
Matt Duchene,DAL,C,47,16,27,43,13,8,100,7,3,6,0,0,15,36
Nazem Kadri,CGY,C,48,16,22,38,0,25,155,2,3,4,0,0,32,14
Teuvo Teravainen,CAR,C,47,16,13,29,4,4,90,3,7,4,1,1,8,15
Pavel Buchnevich,STL,LW,45,16,21,37,8,30,124,5,5,2,2,1,23,19
Adrian Kempe,LA,C,46,16,26,42,13,46,142,1,2,11,1,0,54,16
Nikolaj Ehlers,WPG,LW,46,16,19,35,19,21,141,5,0,3,0,0,16,17
Drake Batherson,OTT,RW,44,16,20,36,-5,32,105,2,3,7,0,0,49,22
Michael Carcone,ARI,C,44,15,5,20,1,18,63,2,1,1,1,0,31,16
Matthew Tkachuk,FLA,LW,48,15,34,49,10,48,178,1,1,16,0,0,60,16
Mason Marchment,DAL,LW,47,15,20,35,18,38,88,2,3,1,0,0,38,13
Jason Dickinson,CHI,C,49,15,10,25,8,33,77,1,1,0,0,0,76,43
Ryan Hartman,MIN,RW,43,15,10,25,-4,36,97,0,4,0,0,0,30,29
Tomas Hertl,SJ,C,47,15,19,34,-25,22,112,1,5,4,1,0,38,46
Vincent Trocheck,NYR,C,48,15,30,45,-2,41,118,3,9,8,0,0,65,44
William Karlsson,VGK,C,38,15,17,32,10,18,93,1,4,7,1,0,9,23
Evander Kane,EDM,LW,43,15,14,29,-6,54,132,3,2,3,1,0,136,20
Anze Kopitar,LA,C,46,15,25,40,14,6,86,3,6,8,0,1,17,41
Mark Stone,VGK,RW,49,15,34,49,3,22,102,5,4,10,2,2,22,32
Adam Henrique,ANH,C,47,15,15,30,2,24,87,2,4,4,2,2,31,42
Mika Zibanejad,NYR,C,47,15,29,44,7,26,116,1,7,14,1,1,18,34
Seth Jarvis,CAR,RW,47,15,21,36,2,10,109,3,8,3,0,1,68,27
Jake Neighbours,STL,LW,47,15,4,19,-9,6,84,0,4,2,0,0,73,29
Connor Bedard,CHI,C,39,15,18,33,-22,12,118,2,1,7,0,0,22,13
Jack Hughes,NJ,C,32,15,30,45,-5,10,138,3,5,16,0,0,7,14
Nils Hoglander,VAN,LW,46,14,6,20,14,33,62,3,0,0,0,0,38,15
Kirill Marchenko,CLS,LW,45,14,10,24,7,10,116,1,6,0,0,0,23,27
Cole Perfetti,WPG,LW,46,14,16,30,13,8,102,2,5,6,0,0,8,13
Quinton Byfield,LA,C,45,14,20,34,14,18,90,3,4,7,0,0,14,11
Mark Scheifele,WPG,C,41,14,27,41,18,26,94,2,4,6,0,0,30,28
Claude Giroux,OTT,C,44,14,26,40,2,20,108,0,2,8,0,1,18,14
Anthony Mantha,WAS,RW,42,14,7,21,4,6,75,0,1,3,0,0,19,14
Brandon Hagel,TB,LW,49,14,27,41,-1,43,114,1,0,4,0,0,19,27
Tage Thompson,BUF,C,38,14,14,28,-10,20,127,2,3,5,2,0,38,13
Trent Frederic,BOS,C,48,14,14,28,17,45,72,0,1,0,0,0,84,32
Fabian Zetterlund,SJ,LW,48,14,7,21,-17,21,114,0,2,2,1,0,49,43
Eeli Tolvanen,SEA,LW,48,13,17,30,-3,12,95,1,0,6,0,0,98,52
Nico Hischier,NJ,C,35,13,13,26,0,10,72,2,4,4,0,0,18,20
Nick Suzuki,MON,C,48,13,28,41,-16,18,108,0,7,14,0,0,36,22
Jordan Kyrou,STL,RW,47,13,21,34,-6,14,153,0,1,8,0,0,12,21
Nick Schmaltz,ARI,RW,44,13,16,29,-11,6,95,3,7,6,0,0,2,26
Robby Fabbri,DET,LW,36,13,7,20,-5,10,45,3,2,2,0,0,17,16
Alex Tuch,BUF,RW,41,13,19,32,-3,32,104,4,2,6,0,0,32,43
Mathew Barzal,NYI,C,47,13,37,50,1,26,144,3,4,14,0,0,18,24
Oliver Bjorkstrand,SEA,RW,48,13,25,38,-6,2,129,2,6,9,0,0,33,9
Sean Monahan,MON,C,48,13,21,34,-8,10,99,3,6,9,2,0,10,24
Anders Lee,NYI,C,48,13,6,19,2,35,116,2,3,0,0,0,80,32
Boone Jenner,CLS,LW,32,13,5,18,-8,10,87,0,3,1,0,0,49,42
Brandon Saad,STL,LW,47,13,8,21,-7,14,79,3,3,0,0,0,5,10
Cam Atkinson,PHI,RW,48,13,15,28,-16,20,149,3,2,4,0,0,10,29
Vladimir Tarasenko,OTT,RW,42,13,19,32,16,12,84,4,2,4,0,0,35,16
Dawson Mercer,NJ,C,46,13,10,23,-10,10,83,1,3,1,0,0,14,31
Lucas Raymond,DET,RW,48,13,26,39,-13,16,89,3,2,9,0,0,32,15
Marco Rossi,MIN,C,48,13,15,28,2,37,89,2,1,2,0,0,7,24
Mason McTavish,ANH,C,41,13,17,30,-18,60,92,3,4,4,1,1,24,28
Wyatt Johnston,DAL,C,48,13,18,31,2,24,106,1,1,3,2,0,29,23
Rasmus Dahlin,BUF,D,47,13,25,38,-13,30,137,1,4,9,0,0,90,90
Logan O'Connor,COL,C,47,13,11,24,17,30,72,4,0,0,3,0,36,34
Pius Suter,VAN,LW,34,12,4,16,13,8,56,2,2,0,0,0,19,9
Quinn Hughes,VAN,D,48,12,47,59,35,24,116,2,1,20,0,0,16,35
Adam Fantilli,CLS,C,47,12,15,27,-19,16,113,1,1,2,0,0,43,22
Yegor Chinakhov,CLS,RW,36,12,9,21,-5,6,71,2,1,1,0,0,28,20
Alexander Holtz,NJ,RW,46,12,11,23,-4,8,79,2,1,1,0,0,21,9
Nino Niederreiter,WPG,RW,46,12,13,25,12,20,102,2,3,1,0,0,61,24
Gustav Nyquist,NSH,RW,48,12,25,37,5,6,98,3,3,10,1,1,18,26
Brayden Schenn,STL,C,47,12,14,26,-16,28,92,2,2,6,1,0,89,28
John Tavares,TOR,C,46,12,22,34,-2,10,170,4,4,6,0,0,51,25
Kyle Palmieri,NYI,RW,48,12,15,27,-15,20,120,2,6,8,0,0,38,27
Tom Wilson,WAS,RW,45,12,9,21,-10,86,112,2,3,1,1,0,122,38
Colton Sissons,NSH,RW,48,12,12,24,-3,22,88,2,3,4,3,1,79,34
Nick Paul,TB,LW,49,12,13,25,-18,17,98,2,6,5,0,0,42,25
Jake DeBrusk,BOS,LW,47,12,13,25,13,12,100,2,2,5,2,0,42,26
Troy Terry,ANH,RW,45,12,21,33,-6,16,111,3,3,7,0,0,7,15
Daniel Sprong,DET,RW,48,12,19,31,5,22,115,1,2,6,0,0,16,10
Kevin Fiala,LA,LW,46,12,30,42,-7,44,122,0,4,14,0,0,21,18
MacKenzie Weegar,CGY,D,48,12,17,29,9,32,119,1,1,5,0,2,80,117
Ivan Barbashev,VGK,LW,49,12,17,29,16,31,77,2,3,1,0,0,80,25
Dakota Joshua,VAN,LW,47,12,11,23,15,39,58,4,0,0,0,0,141,29
Martin Necas,CAR,C,42,12,18,30,-13,26,111,2,3,5,0,0,37,17
Josh Norris,OTT,C,37,12,11,23,-3,20,98,1,5,5,0,1,38,23
Casey Mittelstadt,BUF,C,48,12,28,40,7,20,78,1,1,5,0,0,7,21
Cale Makar,COL,D,44,12,46,58,12,12,137,0,5,22,1,3,22,82
Gabriel Vilardi,WPG,C,26,11,9,20,18,6,70,3,2,1,0,0,6,13
Sam Bennett,FLA,LW,36,11,12,23,5,65,86,2,4,5,0,0,57,15
J.T. Compher,DET,C,43,11,16,27,-2,26,57,0,4,3,1,0,20,27
Aleksander Barkov,FLA,C,42,11,36,47,19,18,122,2,1,15,0,1,42,31
Stefan Noesen,CAR,C,46,11,16,27,9,24,62,1,3,4,0,0,53,13
Drew Doughty,LA,D,46,11,15,26,8,28,81,3,5,6,0,0,61,88
Ryan Nugent-Hopkins,EDM,LW,44,11,31,42,11,24,109,2,2,13,0,2,22,19
Bryan Rust,PIT,RW,32,11,16,27,15,8,98,1,0,1,0,0,24,23
Ryan Johansen,COL,C,49,11,7,18,-6,32,62,3,4,2,0,1,32,11
Alexis Lafreniere,NYR,LW,48,11,16,27,-11,14,123,3,2,2,0,0,31,11
Evan Bouchard,EDM,D,44,11,31,42,10,16,121,4,5,15,0,0,33,61
Andrei Svechnikov,CAR,RW,29,11,19,30,3,30,71,6,5,9,0,0,66,8
Dmitri Vornkov,FA,LW,41,11,13,24,5,27,69,0,3,1,0,0,39,26
Dmitri Voronkov,CLS,C,41,11,13,24,5,27,69,0,3,1,0,0,39,26
Simon Holmstrom,NYI,RW,47,11,6,17,-3,10,45,1,0,0,5,2,8,30
Thomas Harley,DAL,D,45,10,17,27,14,10,79,2,1,3,1,0,28,75
Tim Stutzle,OTT,LW,44,10,35,45,-3,16,123,2,0,9,0,0,41,20
Connor Zary,CGY,C,38,10,13,23,14,10,47,1,1,2,0,0,8,15
Roman Josi,NSH,D,48,10,32,42,-1,25,158,2,5,13,0,1,31,86
Nick Bjugstad,ARI,C,47,10,17,27,1,30,98,1,2,3,1,0,62,28
Jaden Schwartz,SEA,LW,32,10,11,21,-12,10,68,0,5,3,0,0,20,17
Kevin Hayes,STL,C,47,10,11,21,-1,8,84,2,0,4,0,0,24,13
Calle Jarnkrok,TOR,C,46,10,9,19,13,16,85,3,0,1,1,1,34,13
Sean Couturier,PHI,C,45,10,20,30,8,16,132,2,3,3,0,1,13,27
Mikael Backlund,CGY,C,48,10,15,25,8,16,132,2,1,1,1,1,35,21
David Perron,DET,RW,42,10,12,22,-12,35,74,3,6,6,0,0,35,13
Evgenii Dadonov,DAL,RW,46,10,11,21,-8,6,60,3,1,1,0,0,21,18
Jonathan Drouin,COL,C,47,10,18,28,0,18,66,0,4,7,0,0,25,18
Erik Haula,NJ,C,41,10,13,23,-3,28,82,2,1,2,1,1,41,15
Sam Lafferty,VAN,RW,48,10,10,20,16,28,49,3,0,0,1,0,75,26
Michael Bunting,CAR,LW,46,10,21,31,-15,39,75,1,5,9,0,0,13,13
Warren Foegele,EDM,LW,44,10,16,26,1,30,108,1,1,0,0,1,41,18
Anthony Cirelli,TB,C,48,10,14,24,-5,30,88,0,3,1,0,0,26,45
Pavel Zacha,BOS,C,44,10,18,28,4,12,80,3,2,7,0,0,47,15
Michael Rasmussen,DET,C,48,10,11,21,12,27,66,2,0,0,1,3,55,51
Ross Colton,COL,LW,47,10,16,26,2,45,87,1,2,2,0,0,64,26
Ilya Mikheyev,VAN,RW,44,10,13,23,4,4,91,1,0,0,0,0,21,7
Pierre-Luc Dubois,LA,C,46,10,10,20,-15,32,86,1,3,0,0,0,33,20
Michael McLeod,NJ,C,45,10,9,19,6,10,73,2,0,0,0,0,82,22
Justin Danforth,CLS,RW,47,9,9,18,-10,18,63,1,0,0,0,0,71,36
Timo Meier,NJ,LW,33,9,9,18,-21,14,95,1,3,4,0,0,34,17
Andrew Mangiapane,CGY,LW,47,9,18,27,7,41,75,0,2,0,0,0,45,18
Nicolas Roy,VGK,C,40,9,16,25,12,23,69,2,1,4,0,0,21,18
Jake Walman,DET,D,42,9,8,17,3,24,71,2,1,3,0,1,19,122
Dominik Kubalik,OTT,LW,41,9,3,12,-17,15,61,2,2,0,0,0,22,15
Andrew Copp,DET,C,47,9,14,23,2,18,79,2,1,1,1,1,8,26
Phillip Danault,LA,C,46,9,19,28,2,10,94,1,3,3,0,2,33,35
Jimmy Vesey,NYR,LW,46,9,5,14,0,11,81,4,0,0,0,0,32,18
Victor Hedman,TB,D,47,9,38,47,4,40,99,1,4,17,0,0,24,57
Nick Foligno,CHI,LW,42,9,9,18,-7,43,85,0,4,2,1,0,90,22
Kyle Okposo,BUF,RW,45,9,7,16,1,26,71,0,1,0,1,0,36,30
Tyler Johnson,CHI,C,35,9,4,13,-15,16,58,1,3,2,0,0,15,18
Luke Evangelista,NSH,RW,47,9,12,21,-2,14,87,0,1,3,0,0,18,18
Dylan Cozens,BUF,C,45,9,17,26,-4,31,113,1,1,4,0,0,40,18
Jesperi Kotkaniemi,CAR,LW,47,9,9,18,-11,28,91,0,1,1,0,1,26,24
Ryan McLeod,EDM,C,43,9,10,19,11,4,61,3,0,1,0,1,32,13
Jack Drury,CAR,C,47,8,13,21,4,16,60,0,2,4,0,0,15,17
Sean Durzi,ARI,D,41,8,20,28,8,39,74,1,3,7,0,0,17,87
Joe Veleno,DET,C,46,8,10,18,-10,6,55,0,1,1,0,1,40,21
Philipp Kurashev,CHI,LW,42,8,16,24,-26,17,77,2,3,5,0,0,9,29
Morgan Barron,WPG,LW,46,8,4,12,9,10,61,1,0,1,0,0,42,30
Juuso Parssinen,NSH,LW,44,8,4,12,-6,12,54,0,2,1,0,0,55,15
Will Cuylle,NYR,LW,48,8,5,13,1,36,70,1,0,1,0,0,128,14
Luke Hughes,NJ,D,46,8,18,26,-6,14,67,1,4,8,0,0,13,23
William Eklund,SJ,LW,47,8,11,19,-22,20,77,4,4,2,0,1,17,40
Leo Carlsson,ANH,C,29,8,10,18,-6,8,62,0,3,4,0,0,14,9
Cole Sillinger,CLS,C,42,8,11,19,0,28,83,1,1,0,0,0,47,46
Matthew Knies,TOR,LW,44,8,9,17,2,21,56,1,0,2,0,0,78,14
Tye Kartye,SEA,C,47,8,7,15,0,29,77,0,0,0,0,0,85,14
Brendan Gallagher,MON,RW,48,8,8,16,-21,47,103,1,1,3,0,0,37,20
Joel Armia,MON,RW,32,8,1,9,2,18,60,2,0,0,2,0,17,17
Marcus Foligno,MIN,LW,45,8,11,19,11,43,47,2,0,0,0,1,129,30
Mike Hoffman,SJ,LW,46,8,9,17,-15,16,52,1,2,1,0,0,19,21
Mats Zuccarello,MIN,RW,39,8,29,37,-4,16,99,1,3,17,0,0,9,28
Lars Eller,PIT,C,45,8,6,14,1,16,88,0,1,0,1,0,28,29
T.J. Oshie,WAS,RW,29,8,3,11,-8,28,62,2,4,1,0,0,36,24
Alex Ovechkin,WAS,LW,43,8,21,29,-15,12,147,2,3,9,0,0,71,9
Blake Wheeler,NYR,RW,48,8,11,19,-1,21,69,1,1,0,0,0,21,29
Brent Burns,CAR,D,47,8,18,26,14,14,117,0,3,9,1,0,14,38
Oliver Ekman-Larsson,FLA,D,48,8,16,24,-5,44,73,2,1,10,0,0,35,49
Marcus Johansson,MIN,LW,48,8,16,24,-8,12,79,0,1,3,0,0,22,18
Jamie Benn,DAL,C,48,8,20,28,0,31,82,0,1,9,1,1,41,27
Chandler Stephenson,VGK,C,45,8,18,26,-4,21,63,2,2,6,1,1,24,25
Luke Glendening,TB,C,49,8,1,9,2,29,29,1,0,0,1,0,58,32
Adam Lowry,WPG,LW,46,8,15,23,11,40,66,1,0,1,1,1,88,42
Reilly Smith,PIT,RW,40,8,12,20,-1,6,80,1,1,5,0,0,21,10
Anthony Duclair,SJ,LW,43,8,8,16,-10,28,69,1,1,4,0,0,20,21
Miles Wood,COL,LW,44,8,10,18,4,59,91,1,0,0,1,0,49,20
Colton Parayko,STL,D,47,8,9,17,5,12,93,4,0,0,1,1,51,124
Elias Lindholm,CGY,C,48,8,23,31,-8,21,128,2,2,6,1,1,43,40
Alexander Wennberg,SEA,C,48,8,12,20,2,12,65,4,1,2,1,0,18,50
Devon Toews,COL,D,49,8,21,29,15,12,88,1,0,5,0,2,40,77
Danton Heinen,BOS,LW,40,8,9,17,11,18,72,2,1,0,0,0,28,28
Mathieu Joseph,OTT,RW,34,8,14,22,8,33,67,2,0,0,0,1,28,18
Conor Garland,VAN,RW,48,8,16,24,13,8,107,0,0,1,0,0,16,17
Mason Appleton,WPG,C,46,8,14,22,10,16,66,2,0,0,1,1,41,28
Thomas Novak,NSH,C,37,8,13,21,-7,6,58,1,4,2,0,0,1,11
Vince Dunn,SEA,D,44,8,28,36,2,48,88,0,4,9,0,1,25,44
Kevin Stenlund,FLA,C,48,8,3,11,-5,42,49,2,0,0,0,0,38,30
Evan Rodrigues,FLA,C,48,8,20,28,15,18,109,1,2,5,0,0,40,17
Noah Hanifin,CGY,D,48,8,17,25,10,22,90,1,1,3,0,1,31,73
Eetu Luostarinen,FLA,LW,48,8,5,13,-7,12,70,2,2,0,0,0,56,34
Morgan Geekie,BOS,C,42,8,15,23,9,14,72,0,2,5,0,0,49,32
Andrei Kuzmenko,VAN,LW,42,8,13,21,-1,6,63,2,3,4,0,0,4,10
Michael Eyssimont,TB,C,48,8,7,15,6,59,95,2,2,1,0,0,54,14
Adam Fox,NYR,D,38,8,28,36,2,18,65,1,3,17,0,0,13,56
Carl Grundstrom,LA,LW,46,7,4,11,-2,10,86,1,1,0,1,0,85,14
Jakob Chychrun,OTT,D,44,7,20,27,-9,22,102,0,2,8,0,0,25,72
Alexandre Texier,CLS,C,45,7,7,14,-9,22,60,1,0,1,1,0,18,23
Alexei Toropchenko,STL,RW,47,7,4,11,-4,26,54,1,0,0,2,0,66,29
Kailer Yamamoto,SEA,LW,43,7,5,12,-5,12,45,2,2,2,0,0,15,15
Morgan Frost,PHI,C,38,7,15,22,6,10,73,1,2,4,0,0,22,31
Alex Iafallo,WPG,C,46,7,10,17,3,2,81,1,2,3,0,1,18,42
Rasmus Andersson,CGY,D,44,7,21,28,2,33,102,3,0,5,1,0,21,110
Yakov Trenin,NSH,C,45,7,3,10,3,32,66,2,0,0,0,1,104,21
Gustav Forsling,FLA,D,47,7,14,21,33,35,104,0,1,0,0,0,52,69
Jacob Middleton,MIN,D,48,7,11,18,-6,46,52,1,0,0,0,1,79,100
Nic Dowd,WAS,C,37,7,6,13,7,24,36,2,0,0,0,0,39,51
Josh Morrissey,WPG,D,46,7,26,33,22,32,118,1,1,7,0,0,37,67
Josh Anderson,MON,RW,44,7,6,13,-12,51,95,0,0,2,0,0,87,18
Alex Kerfoot,ARI,C,47,7,21,28,-4,18,65,3,2,7,1,1,26,27
Yanni Gourde,SEA,LW,46,7,13,20,-4,48,99,0,0,1,0,0,66,22
Johnny Gaudreau,CLS,LW,47,7,22,29,-23,10,92,1,1,10,0,0,1,13
Morgan Rielly,TOR,D,46,7,31,38,1,8,121,0,1,11,0,0,38,92
Brady Skjei,CAR,D,47,7,20,27,2,22,101,1,1,6,1,1,28,50
Shayne Gostisbehere,DET,D,47,7,25,32,-19,14,80,1,2,18,0,0,18,43
Mike Matheson,MON,D,48,7,26,33,-15,42,124,0,5,14,0,0,27,98
Jordan Martinook,CAR,LW,47,7,9,16,-1,18,92,1,0,0,0,0,29,17
Erik Karlsson,PIT,D,45,7,27,34,9,24,107,2,2,8,0,0,18,47
Jordan Eberle,SEA,RW,44,7,18,25,3,9,91,2,1,5,0,0,13,9
Patrick Kane,DET,RW,19,7,9,16,-3,4,63,1,1,3,0,0,3,6
James van Riemsdyk,BOS,LW,44,7,22,29,5,8,97,3,5,6,0,0,13,12
Sam Carrick,ANH,C,48,7,3,10,-9,64,59,0,1,0,1,0,77,23
Jason Zucker,ARI,LW,37,7,10,17,4,42,80,0,3,2,0,0,45,11
Tyson Foerster,PHI,RW,48,7,11,18,2,22,101,0,3,3,0,0,37,34
Ridly Greig,OTT,C,34,7,11,18,16,33,54,0,2,0,1,0,52,18
Jake Sanderson,OTT,D,44,7,17,24,5,19,95,2,2,4,0,0,25,86
Matias Maccelli,ARI,LW,47,7,25,32,-3,6,84,1,1,4,0,1,9,18
Connor McMichael,WAS,C,44,7,8,15,-7,22,75,2,1,0,1,1,10,20
Bobby Brink,PHI,RW,38,7,11,18,7,6,55,1,2,2,0,0,11,15
Nick Robertson,TOR,LW,28,7,7,14,2,0,44,1,1,1,0,0,15,12
Alex Newhook,MON,C,23,7,6,13,-5,8,31,1,0,3,0,0,16,8
Pavel Dorofeyev,VGK,LW,29,7,7,14,5,4,63,0,0,0,0,0,9,16
Connor Dewar,MIN,C,45,7,2,9,-9,20,43,0,0,0,1,0,50,16
K'Andre Miller,NYR,D,46,7,11,18,2,26,57,3,0,0,0,1,60,62
Jack McBain,ARI,C,32,6,9,15,3,31,30,1,0,0,0,0,67,19
Parker Kelly,OTT,C,44,6,4,10,-2,10,48,0,0,0,2,0,84,36
Alex Barre-Boulet,TB,C,32,6,3,9,-8,10,44,0,2,0,0,0,16,7
Noah Dobson,NYI,D,48,6,45,51,20,22,109,2,1,19,0,1,36,110
Cam York,PHI,D,49,6,11,17,-12,26,68,1,0,4,0,1,32,87
Moritz Seider,DET,D,48,6,18,24,1,30,79,0,3,9,0,0,88,111
Bowen Byram,COL,D,41,6,6,12,-3,34,50,0,0,0,0,0,45,58
Brett Leason,ANH,RW,40,6,6,12,-7,10,55,0,0,0,0,0,40,33
Arthur Kaliyev,LA,RW,37,6,8,14,1,14,80,0,3,1,0,0,16,9
Justin Barron,MON,D,41,6,6,12,-4,16,51,1,1,0,0,0,37,51
Drew O'Connor,PIT,C,45,6,9,15,8,12,84,1,0,0,0,1,25,24
Alex Laferriere,LA,RW,45,6,8,14,-6,26,89,1,0,3,0,0,40,12
Kent Johnson,CLS,C,31,6,9,15,2,2,47,1,0,0,0,0,3,13
Matty Beniers,SEA,C,43,6,13,19,-11,8,74,1,2,4,0,0,20,25
Juraj Slafkovsky,MON,LW,48,6,13,19,-15,25,66,1,2,3,0,0,71,42
Radko Gudas,ANH,D,42,6,6,12,16,79,61,0,0,0,0,0,120,95
Brenden Dillon,WPG,D,46,6,9,15,16,60,46,2,0,0,0,0,114,66
Jonathan Huberdeau,CGY,LW,47,6,20,26,-15,25,78,1,1,5,0,0,29,24
Tomas Tatar,SEA,LW,44,6,12,18,11,16,49,2,0,1,0,0,22,15
Evgeny Kuznetsov,WAS,C,42,6,9,15,-13,24,68,1,0,3,0,0,6,12
Jordan Staal,CAR,C,47,6,9,15,-13,26,76,2,0,1,0,1,65,24
Damon Severson,CLS,D,32,6,8,14,-4,24,38,0,0,2,0,0,13,52
Oskar Sundqvist,STL,C,47,6,12,18,-1,14,47,0,3,0,1,2,43,35
Jean-Gabriel Pageau,NYI,C,48,6,13,19,-12,8,60,1,0,1,1,5,105,47
Sean Kuraly,CLS,C,39,6,6,12,-3,30,54,0,0,0,0,1,84,22
Josh Manson,COL,D,44,6,11,17,5,54,68,0,0,0,1,1,104,66
Alex Killorn,ANH,C,34,6,13,19,-15,30,80,1,3,2,0,0,27,15
Craig Smith,DAL,RW,44,6,3,9,4,23,69,0,0,0,0,0,22,21
Vladislav Namestnikov,WPG,C,43,6,19,25,18,8,57,0,2,1,1,0,37,26
Darnell Nurse,EDM,D,44,6,11,17,10,32,94,1,1,2,1,0,74,103
Michael McCarron,NSH,C,36,6,5,11,0,57,38,0,0,0,0,0,65,26
Curtis Lazar,NJ,C,41,6,10,16,10,16,43,2,0,0,1,0,79,34
Tyler Bertuzzi,TOR,LW,45,6,14,20,7,22,84,0,2,1,0,0,39,24
Michael Amadio,VGK,C,42,6,11,17,5,6,58,0,2,2,0,0,15,19
Ryan Donato,CHI,C,45,6,8,14,-15,15,91,0,0,1,0,0,46,15
A.J. Greer,CGY,LW,47,6,4,10,-9,33,47,0,1,0,0,0,77,17
Jacob MacDonald,SJ,D,17,6,1,7,-10,21,31,0,3,1,0,0,14,9
Tanner Jeannot,TB,LW,41,6,6,12,-11,61,52,0,1,1,0,0,132,20
Johnny Kovacevic,MON,D,40,6,2,8,7,18,32,0,0,0,0,0,32,53
Charlie McAvoy,BOS,D,40,6,25,31,12,53,76,2,1,11,0,0,55,83
Luke Kunin,SJ,C,43,6,2,8,-18,42,56,1,1,1,0,0,68,30
Patrik Laine,CLS,RW,18,6,3,9,-10,6,41,0,1,1,0,0,5,14
Julien Gauthier,NYI,RW,27,5,4,9,-5,8,32,1,0,0,0,0,55,17
Taylor Raddysh,CHI,RW,44,5,5,10,-12,12,73,0,1,1,1,0,45,20
Noah Gregor,TOR,C,45,5,4,9,-8,13,76,1,1,0,1,0,79,20
Sam Steel,DAL,C,43,5,9,14,2,19,48,0,0,0,2,1,20,18
Brett Howden,VGK,C,47,5,8,13,-7,29,49,0,0,0,2,0,45,31
Boris Katchouk,CHI,LW,30,5,4,9,0,10,41,0,0,0,1,0,32,10
Emil Bemstrom,CLS,C,29,5,6,11,-4,8,47,0,3,0,0,0,14,21
Ryan Poehling,PHI,C,44,5,9,14,-8,6,55,1,0,0,1,1,25,43
Miro Heiskanen,DAL,D,38,5,23,28,0,10,82,1,1,9,0,0,25,54
Jordan Greenway,BUF,LW,36,5,8,13,0,29,49,0,1,0,0,0,54,37
Jeremy Lauzon,NSH,D,48,5,3,8,0,60,61,0,0,0,0,0,191,70
Nicolas Aube-Kubel,WAS,C,34,5,7,12,7,23,36,0,0,0,0,0,57,17
Pierre Engvall,NYI,LW,42,5,9,14,-2,14,69,0,1,1,0,0,10,9
William Carrier,VGK,LW,33,5,2,7,2,16,55,0,0,0,0,0,60,12
Rickard Rakell,PIT,C,33,5,11,16,-1,4,82,1,2,2,0,0,41,21
Ondrej Palat,NJ,LW,36,5,9,14,-6,25,63,0,1,4,0,0,38,24
Teddy Blueger,VAN,C,34,5,16,21,10,15,49,0,0,0,1,1,29,22
Scott Laughton,PHI,C,49,5,15,20,-7,40,106,0,0,1,1,4,71,29
Jeff Carter,PIT,C,39,5,2,7,-3,10,48,3,1,0,1,0,33,19
Sam Gagner,EDM,C,22,5,5,10,2,8,41,2,0,1,0,0,13,12
Kevin Shattenkirk,BOS,D,40,5,8,13,-5,10,61,0,2,5,0,0,23,50
Trevor Lewis,LA,C,46,5,3,8,-1,10,74,1,0,1,1,0,31,29
Mikael Granlund,SJ,C,38,5,24,29,-10,14,73,1,0,9,0,1,36,32
Casey Cizikas,NYI,C,39,5,6,11,-5,14,43,1,0,0,1,0,69,42
Jakob Silfverberg,ANH,RW,47,5,7,12,4,10,72,1,0,2,0,0,9,19
Ryan Strome,ANH,C,45,5,18,23,-10,61,76,0,1,5,0,0,27,14
Dougie Hamilton,NJ,D,20,5,11,16,-8,20,61,0,4,4,0,0,11,24
Cole Smith,NSH,LW,47,5,11,16,1,50,67,2,0,0,1,2,119,21
Jack Quinn,BUF,C,16,5,6,11,1,6,35,0,0,2,0,0,12,7
Logan Cooley,ARI,C,47,5,19,24,-11,14,75,1,2,8,0,0,26,20
Matthew Poitras,BOS,C,33,5,10,15,4,6,40,1,0,1,0,0,15,15
John Beecher,BOS,C,39,5,2,7,-6,15,27,1,0,0,0,0,60,25
Philip Tomasino,NSH,C,38,5,12,17,-6,25,59,2,0,4,0,0,8,16
Blake Lizotte,LA,LW,34,5,4,9,4,6,46,2,0,0,2,1,26,11
Egor Zamula,PHI,D,40,5,10,15,8,22,40,1,2,4,0,1,12,46
Kiefer Sherwood,NSH,LW,38,5,6,11,6,20,61,0,0,0,0,0,110,15
Sean Walker,PHI,D,49,5,12,17,6,26,83,1,0,1,2,1,53,69
Paul Cotter,VGK,C,49,5,11,16,-8,33,60,0,2,1,0,0,136,22
Filip Zadina,SJ,RW,43,5,8,13,-26,8,76,1,1,1,0,0,24,19
Alexander Romanov,NYI,D,48,5,8,13,12,12,79,0,0,0,0,0,65,105
Jacob Bernard-Docker,OTT,D,36,4,6,10,8,16,23,0,0,0,0,0,23,77
Martin Pospisil,CGY,C,33,4,7,11,9,22,60,0,0,0,0,0,85,13
Cole Guttman,CHI,C,27,4,4,8,-17,7,50,0,2,1,0,0,10,14
Michael Kesselring,ARI,D,30,4,7,11,1,32,34,1,0,0,0,0,37,18
Kaapo Kakko,NYR,RW,27,4,1,5,1,2,33,1,0,0,0,0,6,7
Trevor Zegras,ANH,C,20,4,3,7,-5,24,49,1,1,0,0,0,7,13
Zach Benson,BUF,LW,37,4,10,14,-4,20,57,1,0,0,0,0,10,15
Anton Lundell,FLA,C,44,4,14,18,8,20,94,0,0,2,0,1,14,18
Radim Zohorna,PIT,RW,31,4,3,7,0,16,38,1,0,0,0,0,34,5
Brock Faber,MIN,D,48,4,25,29,4,22,74,1,2,7,0,0,34,97
Mattias Ekholm,EDM,D,43,4,14,18,15,31,92,1,2,1,1,0,73,51
Jesper Fast,CAR,RW,44,4,7,11,-2,8,48,0,0,0,0,0,32,14
David Savard,MON,D,26,4,7,11,-10,12,28,0,0,0,0,0,27,82
Cal Clutterbuck,NYI,RW,48,4,9,13,0,24,32,0,0,0,0,0,139,38
Corey Perry,EDM,RW,16,4,5,9,-5,12,26,1,1,1,0,0,11,8
Andrew Cogliano,COL,LW,43,4,9,13,6,10,35,0,0,0,1,3,13,19
Patrick Maroon,MIN,LW,48,4,12,16,-10,60,54,0,0,1,0,0,52,16
Alec Martinez,VGK,D,32,4,5,9,5,4,46,0,0,2,0,0,17,104
Tanner Pearson,MON,LW,29,4,4,8,-6,13,48,0,1,1,0,0,28,19
Justin Schultz,SEA,D,40,4,12,16,-10,22,62,1,0,5,0,0,11,42
Zemgus Girgensons,BUF,C,31,4,0,4,-2,13,38,2,0,0,0,0,54,18
Jake McCabe,TOR,D,40,4,13,17,3,30,44,0,1,1,0,1,87,69
Brian Dumoulin,SEA,D,47,4,7,11,5,14,37,1,0,0,0,0,41,44
Shea Theodore,VGK,D,20,4,14,18,2,0,52,1,2,8,0,0,4,26
Tyler Motte,TB,C,39,4,2,6,-1,8,51,2,0,0,1,0,47,20
Max Domi,TOR,C,46,4,20,24,1,60,63,0,1,1,0,0,30,10
Jaccob Slavin,CAR,D,47,4,16,20,11,6,91,0,0,0,2,1,22,73
Erik Gustafsson,NYR,D,47,4,18,22,-1,19,67,0,0,8,0,0,31,45
Esa Lindell,DAL,D,48,4,16,20,15,10,67,0,0,0,0,1,39,91
Victor Olofsson,BUF,LW,33,4,8,12,3,4,46,0,0,2,0,0,10,8
Darren Raddysh,TB,D,49,4,13,17,-7,8,59,2,0,2,0,0,45,54
Garnet Hathaway,PHI,RW,49,4,2,6,-13,72,47,0,0,0,1,1,120,38
Pierre-Edouard Bellemare,SEA,C,29,4,1,5,3,6,25,0,0,0,1,0,10,17
Sonny Milano,WAS,LW,23,4,4,8,-1,6,20,2,0,0,0,0,8,7
Travis Sanheim,PHI,D,48,4,22,26,-13,32,90,2,0,5,0,2,35,81
Kasperi Kapanen,STL,RW,42,4,9,13,-6,6,65,1,0,0,1,1,26,18
Keegan Kolesar,VGK,RW,46,4,6,10,0,34,41,1,0,0,0,1,131,28
Alexandre Carrier,NSH,D,44,4,10,14,1,26,37,2,0,1,1,0,43,91
Derek Ryan,EDM,C,44,4,5,9,-1,4,31,0,0,0,1,1,22,11
Ivan Provorov,CLS,D,47,4,19,23,-10,6,59,0,0,6,0,0,38,90
Anthony Beauvillier,CHI,LW,37,4,10,14,5,6,58,0,1,2,0,0,24,24
Neal Pionk,WPG,D,46,4,14,18,10,34,84,0,1,3,0,0,109,57
David Kampf,TOR,RW,45,4,4,8,-8,14,46,1,0,0,0,0,40,16
Brandon Duhaime,MIN,LW,48,4,1,5,-8,55,53,0,0,0,1,0,92,20
Beck Malenstyn,WAS,C,45,4,7,11,3,12,56,0,0,0,0,0,105,51
Max Jones,ANH,LW,34,4,4,8,-6,17,49,0,0,1,0,0,63,8
Brandon Tanev,SEA,LW,32,4,4,8,7,24,35,0,0,0,0,0,47,32
Jalen Chatfield,CAR,D,42,4,8,12,-1,12,54,0,0,0,0,0,27,41
Alexander Barabanov,SJ,RW,28,3,6,9,-16,6,43,0,0,1,0,0,14,10
Vladislav Gavrikov,LA,D,41,3,9,12,1,12,64,0,0,0,0,0,18,51
Artem Zub,OTT,D,36,3,14,17,5,14,45,0,0,0,0,0,59,60
Jake Bean,CLS,D,44,3,4,7,-13,20,59,0,0,0,0,0,16,65
Nathan Bastian,NJ,RW,44,3,7,10,-9,21,47,0,0,0,0,0,87,23
Filip Hronek,VAN,D,48,3,33,36,34,30,92,0,2,7,0,0,35,44
Dillon Dube,CGY,C,43,3,4,7,-13,8,42,0,1,0,0,0,31,18
Vinni Lettieri,MIN,C,19,3,1,4,-6,6,26,0,0,0,0,0,21,11
Klim Kostin,DET,RW,28,3,1,4,1,38,21,0,0,0,0,0,43,5
Gustav Lindstrom,ANH,D,18,3,1,4,1,6,17,0,0,0,0,0,12,25
Brandon Carlo,BOS,D,43,3,9,12,21,24,49,1,0,0,0,0,59,78
Noel Acciari,PIT,C,37,3,1,4,1,8,43,1,0,0,0,0,73,57
Niko Mikkola,FLA,D,48,3,10,13,9,20,59,0,0,0,0,1,86,81
John Marino,NJ,D,46,3,12,15,-8,14,39,0,0,0,0,0,16,58
Nathan Walker,STL,C,11,3,1,4,2,0,12,0,0,0,0,0,20,12
Ryan Carpenter,SJ,C,31,3,6,9,2,4,31,0,0,0,0,0,23,18
Frederick Gaudreau,MIN,C,36,3,7,10,-10,6,60,1,1,3,0,0,12,27
Liam O'Brien,ARI,C,47,3,5,8,1,116,39,0,0,0,0,0,112,22
Christian Dvorak,MON,LW,25,3,4,7,-5,4,32,0,1,0,0,0,8,15
Fredrik Olofsson,COL,C,47,3,6,9,-1,8,39,1,0,0,0,0,30,25
Ryan Graves,PIT,D,45,3,5,8,11,20,53,1,0,0,0,0,37,88
Hudson Fasching,NYI,RW,35,3,5,8,-8,6,30,0,0,0,0,0,21,21
Justin Bailey,SJ,RW,27,3,5,8,-1,2,34,0,0,1,0,0,25,15
Artturi Lehkonen,COL,LW,14,3,5,8,-2,2,38,0,1,3,0,0,16,5
Brett Pesce,CAR,D,39,3,4,7,-3,10,57,1,0,0,0,0,12,68
Colin Blackwell,CHI,C,19,3,3,6,1,4,41,1,1,0,0,0,24,8
Mike Reilly,NYI,D,27,3,6,9,-10,18,62,1,0,2,1,0,24,26
Radek Faksa,DAL,C,41,3,7,10,1,12,36,0,0,0,2,2,29,20
Jacob Trouba,NYR,D,48,3,16,19,2,39,90,0,0,0,0,1,112,142
Phil Di Giuseppe,VAN,LW,32,3,5,8,4,17,39,0,0,0,0,0,45,16
John Carlson,WAS,D,46,3,24,27,-1,18,101,1,1,9,0,0,23,102
Tyler Myers,VAN,D,48,3,15,18,13,38,51,0,0,0,1,0,60,92
Calvin de Haan,TB,D,44,3,4,7,-8,16,46,0,0,0,0,0,58,61
Erik Johnson,BUF,D,41,3,0,3,2,24,37,1,0,0,0,0,57,57
Kris Letang,PIT,D,45,3,26,29,14,44,91,0,0,2,0,0,78,75
Ben Chiarot,DET,D,45,3,9,12,3,34,62,0,0,0,0,0,84,93
Erik Gudbranson,CLS,D,43,3,11,14,-15,51,45,1,0,0,0,1,39,108
Adam Larsson,SEA,D,48,3,12,15,4,28,79,0,0,0,0,1,83,91
Mason Lohrei,BOS,D,27,3,3,6,-4,14,34,0,0,0,0,0,21,47
Lukas Reichel,CHI,RW,46,3,6,9,-26,12,61,0,2,0,0,0,15,16
Kaiden Guhle,MON,D,44,3,8,11,-6,35,60,1,0,0,0,0,63,127
Braden Schneider,NYR,D,48,3,9,12,-5,12,47,1,0,0,0,0,65,66
Sam Malinski,COL,D,22,3,7,10,4,6,29,1,1,1,0,0,13,20
Dylan Guenther,ARI,RW,10,3,3,6,2,6,23,0,1,1,0,0,3,3
Aliaksei Protas,WAS,C,45,3,15,18,-4,4,59,0,0,0,0,1,12,24
Nico Sturm,SJ,C,29,3,4,7,-8,12,31,0,0,0,0,0,16,22
J.J. Moser,ARI,D,45,3,14,17,7,15,41,0,0,1,0,2,44,69
Peyton Krebs,BUF,C,46,3,6,9,4,48,48,2,0,0,0,0,43,20
Adam Ruzicka,ARI,C,39,3,6,9,-8,6,34,1,0,4,0,0,7,15
Jesse Ylonen,MON,LW,38,3,4,7,1,8,34,0,0,0,0,0,17,25
Nils Lundkvist,DAL,D,38,2,12,14,6,14,54,0,0,2,0,0,23,24
Jonatan Berggren,DET,RW,9,2,3,5,4,2,10,0,0,0,0,0,0,6
Martin Fehervary,WAS,D,40,2,8,10,-2,20,41,0,0,0,0,1,83,67
David Gustafsson,WPG,C,27,2,2,4,-1,0,19,0,0,0,0,0,10,12
Jakub Lauko,BOS,C,35,2,4,6,-2,20,22,0,0,0,0,0,71,9
Eric Robinson,BUF,LW,22,2,5,7,-2,17,33,1,0,0,0,0,35,9
Sheldon Rempal,VGK,LW,3,2,0,2,0,0,6,0,1,0,0,0,0,1
Zach Whitecloud,VGK,D,34,2,3,5,0,22,30,1,0,0,0,0,60,54
Barrett Hayton,ARI,C,16,2,2,4,-2,18,34,0,1,0,0,0,2,10
Oliver Wahlstrom,NYI,RW,22,2,3,5,-8,4,31,0,1,1,0,0,17,16
Pontus Holmberg,TOR,LW,20,2,6,8,4,8,23,0,0,0,0,0,13,11
Joel Kiviranta,COL,RW,34,2,5,7,-4,8,36,0,0,0,0,0,43,21
Reese Johnson,CHI,RW,32,2,1,3,-18,18,41,0,0,0,0,0,74,16
Jayden Struble,MON,D,30,2,2,4,-1,11,24,0,0,0,0,0,47,31
James Hamblin,EDM,C,31,2,1,3,3,0,18,0,0,0,0,0,11,21
Pavel Mintyukov,ANH,D,40,2,17,19,-11,16,60,0,0,7,0,0,48,43
Bobby McMann,TOR,C,23,2,5,7,-4,26,33,0,0,0,0,0,36,3
Kevin Korchinski,CHI,D,43,2,7,9,-22,10,52,1,0,5,0,0,7,50
Hendrix Lapierre,WAS,C,25,2,5,7,-3,4,21,1,0,0,0,0,5,11
Dylan Holloway,EDM,C,17,2,1,3,-2,13,28,0,0,0,0,0,30,8
Jamie Drysdale,PHI,D,17,2,6,8,-4,6,32,0,1,1,0,1,10,24
Brandon Biro,BUF,LW,5,2,0,2,0,0,2,0,0,0,0,0,0,2
Nils Aman,VAN,C,25,2,4,6,1,6,17,0,0,0,0,0,9,14
Simon Nemec,NJ,D,25,2,10,12,-4,10,33,1,0,2,0,0,8,42
Owen Power,BUF,D,48,2,15,17,2,10,65,1,0,2,0,0,21,68
Connor Murphy,CHI,D,43,2,6,8,-19,40,48,0,0,0,0,0,93,105
Brayden McNabb,VGK,D,49,2,15,17,17,20,43,0,0,0,0,1,67,137
Dmitry Orlov,CAR,D,47,2,14,16,-8,28,74,0,0,3,1,0,49,31
Jani Hakanpaa,DAL,D,48,2,6,8,9,31,40,1,0,0,0,0,113,97
Taylor Hall,CHI,LW,10,2,2,4,-3,4,20,1,0,1,0,0,6,3
Jeff Petry,DET,D,39,2,12,14,2,24,49,0,0,0,0,1,52,73
Austin Watson,TB,LW,26,2,1,3,2,69,14,0,0,0,0,0,61,13
Cam Fowler,ANH,D,48,2,20,22,-26,12,71,0,0,9,0,0,19,73
Justin Faulk,STL,D,40,2,17,19,-5,10,90,1,1,1,0,1,46,77
Marc-Edouard Vlasic,SJ,D,26,2,1,3,-13,6,28,0,0,0,0,0,16,44
Jack Johnson,COL,D,48,2,7,9,6,34,50,0,0,0,0,0,36,61
Matt Martin,NYI,LW,26,2,1,3,2,18,25,0,0,0,0,0,72,12
Nick Leddy,STL,D,47,2,15,17,9,8,47,0,0,0,1,1,17,66
Travis Hamonic,OTT,D,40,2,3,5,-3,38,39,0,0,0,0,0,42,69
Alex Pietrangelo,VGK,D,44,2,19,21,3,20,104,2,0,6,0,1,27,105
Marco Scandella,STL,D,42,2,3,5,1,8,24,1,0,0,1,0,43,30
Matt Dumba,ARI,D,44,2,3,5,-10,43,44,0,0,0,0,0,84,61
Matt Grzelcyk,BOS,D,34,2,5,7,7,16,38,0,0,0,0,0,21,34
Travis Boyd,ARI,C,16,2,6,8,3,2,12,1,0,0,0,0,7,10
Jamie Oleksiak,SEA,D,48,2,6,8,7,21,64,0,0,0,0,0,55,113
Nick Cousins,FLA,C,37,2,3,5,-10,20,63,1,0,0,0,0,45,13
Carson Soucy,VAN,D,21,2,4,6,6,4,15,0,1,1,0,0,21,39
Olli Maatta,DET,D,40,2,9,11,11,6,23,0,0,0,0,0,31,50
Brett Kulak,EDM,D,44,2,3,5,-1,20,44,0,0,0,0,0,30,45
Colin Miller,NJ,D,26,2,3,5,9,16,41,0,0,0,0,0,37,18
Ryan Pulock,NYI,D,25,2,4,6,-6,8,34,1,1,0,0,0,37,66
Kurtis MacDermid,COL,D,26,2,0,2,2,23,11,1,0,0,0,0,39,8
Louis Belpedio,PHI,D,12,2,2,4,6,0,12,1,0,0,0,0,14,18
Brandon Montour,FLA,D,32,2,8,10,-2,10,80,1,0,6,0,0,30,29
Jake Evans,MON,LW,48,2,11,13,-1,12,43,0,0,0,0,0,45,38
Rourke Chartier,OTT,C,32,2,1,3,-2,14,34,1,0,0,0,0,24,10
Kevin Labanc,SJ,RW,32,2,5,7,-16,8,43,0,0,3,0,0,27,11
Aaron Ekblad,FLA,D,31,2,11,13,20,42,63,0,0,3,0,0,36,38
Brendan Lemieux,CAR,LW,20,2,1,3,-2,40,15,1,0,0,0,0,30,2
Tony DeAngelo,CAR,D,21,2,7,9,-11,14,33,0,2,4,0,0,2,9
Jakub Vrana,STL,RW,21,2,4,6,-7,8,42,0,0,0,0,0,7,4
Christian Fischer,DET,RW,45,2,7,9,7,24,50,0,0,0,1,0,52,14
Mitchell Stephens,MON,C,23,2,1,3,2,4,16,0,0,0,0,0,6,7
Thomas Chabot,OTT,D,22,2,11,13,2,6,58,0,1,3,0,0,15,43
Jack Roslovic,CLS,RW,25,2,8,10,-12,12,40,1,0,2,0,0,12,15
Mackenzie Entwistle,CHI,RW,40,2,3,5,-23,19,44,1,0,0,0,0,65,22
Henri Jokiharju,BUF,D,40,2,7,9,3,10,45,0,0,0,0,0,43,50
Timothy Liljegren,TOR,D,29,2,7,9,3,6,28,0,0,2,0,1,32,66
Erik Brannstrom,OTT,D,38,2,9,11,4,24,42,0,0,0,0,1,10,50
Zack MacEwen,OTT,C,22,2,1,3,-3,46,16,1,0,0,0,0,30,5
Ryan Lindgren,NYR,D,47,2,5,7,5,24,45,1,0,0,0,0,54,60
Joey Anderson,CHI,RW,22,2,6,8,7,4,21,0,0,0,0,0,13,10
Axel Jonsson-Fjallby,WPG,LW,26,2,3,5,6,0,23,1,0,0,0,0,28,7
Michael Pezzetta,MON,C,37,2,7,9,2,37,32,0,0,0,0,0,123,16
Dante Fabbro,NSH,D,38,2,7,9,2,18,40,0,0,0,0,0,27,65
Mikhail Sergachev,TB,D,33,2,17,19,-15,16,53,0,0,7,0,0,30,69
Tyson Jost,BUF,C,29,2,2,4,-7,8,30,0,0,0,0,0,23,11
Ryan Lomberg,FLA,LW,48,2,1,3,0,40,50,0,0,0,0,0,73,11
Nikita Zaitsev,CHI,D,26,2,5,7,2,10,18,0,0,2,0,0,39,52
Matt Roy,LA,D,45,2,12,14,4,20,88,0,0,1,0,2,72,103
Dakota Mermis,MIN,D,32,2,4,6,-3,25,31,0,0,0,0,0,21,40
Uvis Balinskis,FLA,D,18,1,1,2,0,6,18,0,0,0,0,0,20,13
Troy Stecher,ARI,D,42,1,4,5,7,20,41,0,0,0,0,0,40,57
Riley Tufte,COL,LW,5,1,1,2,-2,2,7,1,0,0,0,0,7,2
Oskar Steen,BOS,C,29,1,0,1,-1,4,22,0,0,0,0,0,51,17
Matthew Phillips,WAS,C,26,1,4,5,-2,0,15,0,0,0,0,0,3,14
Vincent Desharnais,EDM,D,42,1,5,6,2,27,27,0,0,0,0,0,51,57
Givani Smith,SJ,LW,26,1,2,3,-4,33,27,0,0,0,0,0,45,9
Samuel Girard,COL,D,28,1,11,12,0,2,32,0,0,1,0,0,33,57
Mathieu Olivier,CLS,RW,22,1,4,5,-1,19,21,0,0,0,0,0,53,13
Nick DeSimone,NJ,D,23,1,4,5,-4,2,19,1,0,0,0,0,12,21
Jan Rutta,SJ,D,42,1,9,10,-11,18,38,1,0,0,0,2,36,68
Juuso Valimaki,ARI,D,33,1,6,7,-1,6,26,0,0,4,0,0,26,38
Urho Vaakanainen,ANH,D,40,1,7,8,6,14,42,0,0,0,0,0,16,41
Cody Glass,NSH,C,20,1,1,2,-11,14,31,0,0,0,0,0,14,6
Conor Timmins,TOR,D,16,1,5,6,5,8,14,0,0,2,0,0,16,17
Nicolas Hague,VGK,D,41,1,9,10,-2,32,62,1,0,0,0,0,49,66
Jesper Boqvist,BOS,C,13,1,2,3,4,4,15,0,0,0,0,0,13,4
Jonas Rondbjerg,VGK,RW,13,1,2,3,4,0,13,0,0,0,0,0,2,5
Mario Ferraro,SJ,D,47,1,13,14,-21,26,79,0,0,0,0,0,58,138
Jack Studnicka,SJ,C,14,1,0,1,-4,2,11,0,0,0,0,0,16,5
Jonah Gadjovich,FLA,LW,20,1,2,3,0,66,18,0,0,0,0,0,22,6
Mikey Anderson,LA,D,46,1,13,14,11,12,62,0,0,0,0,1,63,88
Travis Dermott,ARI,D,32,1,2,3,-12,14,27,0,0,0,0,0,27,42
Zach Werenski,CLS,D,35,1,25,26,5,10,89,0,0,5,0,0,7,60
Denis Gurianov,NSH,RW,9,1,1,2,4,0,19,0,0,0,0,0,10,6
Steven Lorentz,FLA,C,28,1,2,3,-7,6,22,1,0,0,0,0,33,10
Ethan Bear,WAS,D,12,1,2,3,-5,8,19,1,0,0,0,0,5,17
Jonas Siegenthaler,NJ,D,38,1,7,8,-1,14,46,0,0,0,0,0,48,58
Dennis Gilbert,CGY,D,30,1,6,7,-5,16,23,0,0,0,0,0,48,47
Will Borgen,SEA,D,48,1,16,17,0,42,49,0,0,0,0,0,109,65
Haydn Fleury,TB,D,12,1,3,4,3,4,9,0,0,0,0,0,10,15
Conor Sheary,TB,LW,31,1,8,9,0,6,26,0,0,0,0,0,4,21
Barclay Goodrow,NYR,LW,46,1,4,5,-9,38,36,0,0,0,0,0,70,45
Kyle Burroughs,SJ,D,42,1,4,5,-22,49,46,0,0,0,0,0,103,82
Sammy Blais,STL,LW,37,1,6,7,-8,10,24,0,0,0,0,0,105,12
Max Willman,NJ,LW,11,1,1,2,1,2,12,0,0,0,0,0,7,4
Marcus Pettersson,PIT,D,45,1,16,17,18,24,57,0,0,0,0,0,49,81
Andreas Englund,LA,D,46,1,6,7,-4,48,28,0,0,0,0,0,103,51
Nate Schmidt,WPG,D,40,1,6,7,4,6,45,1,0,3,0,0,32,51
Seth Jones,CHI,D,34,1,14,15,-11,22,78,1,0,2,0,0,30,82
Nikita Zadorov,VAN,D,44,1,9,10,0,60,51,0,0,0,0,0,82,46
Rasmus Ristolainen,PHI,D,28,1,3,4,-6,6,43,0,0,0,0,0,40,42
Vinnie Hinostroza,PIT,RW,14,1,2,3,-3,4,27,0,0,0,0,0,8,7
Chad Ruhwedel,PIT,D,31,1,1,2,-2,2,20,0,0,0,0,0,42,24
Dominic Toninato,WPG,LW,14,1,4,5,7,6,12,1,0,0,0,0,22,8
Ben Hutton,VGK,D,31,1,8,9,5,17,46,0,0,1,0,0,9,42
Jonny Brodzinski,NYR,RW,29,1,8,9,-2,6,45,0,1,1,0,0,13,12
Josh Brown,ARI,D,27,1,4,5,-4,45,23,1,0,0,0,0,41,48
Mattias Janmark,EDM,C,34,1,5,6,-3,28,35,0,0,0,0,0,20,13
Andre Burakovsky,SEA,LW,17,1,5,6,-1,4,22,0,0,2,0,0,3,5
Adam Erne,EDM,RW,23,1,1,2,2,9,13,0,0,0,0,0,55,5
Joel Edmundson,WAS,D,30,1,2,3,-2,19,28,0,0,0,0,0,27,40
Matt Nieto,PIT,LW,22,1,3,4,5,4,13,0,0,0,0,0,12,9
Dylan DeMelo,WPG,D,46,1,14,15,28,26,43,0,0,1,0,0,82,81
Torey Krug,STL,D,47,1,19,20,-13,24,101,1,0,6,0,0,27,62
Brock McGinn,ANH,LW,24,1,2,3,-5,4,24,0,0,0,0,0,27,11
Brendan Gaunce,CLS,C,8,1,2,3,-2,2,12,0,0,0,0,0,16,2
Devin Shore,SEA,C,21,1,3,4,3,4,15,0,0,0,0,0,16,9
Hampus Lindholm,BOS,D,48,1,17,18,12,48,61,0,1,4,0,0,21,67
Mark Jankowski,NSH,C,2,1,0,1,1,0,5,0,0,0,0,0,1,1
Max Pacioretty,WAS,LW,11,1,6,7,-2,4,26,0,0,3,0,0,12,2
Zach Bogosian,MIN,D,36,1,7,8,-1,37,47,0,0,0,0,1,57,43
Brendan Smith,NJ,D,34,1,4,5,2,47,31,0,0,0,0,0,48,42
Mark Giordano,TOR,D,31,1,5,6,7,31,40,0,0,0,0,0,30,63
Ryan Suter,DAL,D,48,1,9,10,5,16,62,1,0,0,0,1,39,67
Marc Staal,PHI,D,17,1,1,2,1,10,7,0,0,0,0,0,15,21
Ryan Reaves,TOR,RW,21,1,0,1,-11,16,10,0,0,0,0,0,44,2
Ryan McDonagh,NSH,D,41,1,10,11,6,16,51,0,0,3,0,0,19,71
Ian Cole,VAN,D,47,1,6,7,10,40,37,0,0,0,0,0,46,97
Jon Merrill,MIN,D,32,1,3,4,-4,24,16,0,0,0,0,0,17,24
Tyler Pitlick,NYR,C,30,1,2,3,-4,4,30,0,0,0,0,0,58,11
Nick Bonino,NYR,C,45,1,4,5,-12,8,31,0,0,0,0,0,7,78
Chris Tanev,CGY,D,45,1,8,9,7,10,36,0,0,0,0,0,16,132
Jonas Brodin,MIN,D,31,1,11,12,7,4,59,0,0,0,0,0,8,80
Tyson Barrie,NSH,D,31,1,10,11,-8,14,40,0,0,3,0,0,6,35
Justin Dowling,NJ,C,1,1,0,1,1,0,3,0,0,0,0,0,0,1
David Jiricek,CLS,D,36,1,8,9,-1,20,33,1,0,0,0,0,17,39
Walker Duehr,CGY,RW,19,1,3,4,-2,2,12,0,0,0,0,0,25,5
Vasily Ponomarev,CAR,C,2,1,1,2,1,0,1,0,0,0,0,0,0,1
Thomas Bordeleau,SJ,LW,6,1,1,2,-5,4,7,0,0,1,0,0,3,5
Mitchell Chaffee,TB,RW,2,1,1,2,1,0,1,0,0,0,0,0,5,1
Valtteri Puustinen,PIT,RW,20,1,6,7,3,4,33,0,0,1,0,0,8,12
Brendan Brisson,VGK,C,4,1,0,1,-2,0,6,1,0,0,0,0,1,0
Tristan Luneau,ANH,D,7,1,2,3,1,4,11,0,0,0,0,0,5,4
Ben Meyers,COL,LW,9,1,0,1,-2,0,7,0,0,0,0,0,10,0
Joshua Roy,MON,C,6,1,1,2,-2,0,10,0,0,0,0,0,1,5
Arber Xhekaj,MON,D,19,1,2,3,2,53,16,0,0,0,0,0,45,15
Matthew Coronato,CGY,LW,14,1,2,3,-8,4,32,0,1,0,0,0,2,0
Jason Polin,COL,RW,7,1,0,1,1,2,6,0,0,0,0,0,12,1
Waltteri Merela,TB,RW,18,1,0,1,2,4,17,0,0,0,0,0,23,6
Samuel Fagemo,LA,LW,8,1,0,1,-1,0,13,0,1,0,0,0,5,3
Jackson LaCombe,ANH,D,44,1,7,8,-24,12,39,0,0,0,0,0,30,77
Kaedan Korczak,VGK,D,23,1,8,9,11,6,26,0,0,1,0,0,33,27
Alex Vlasic,CHI,D,43,1,9,10,2,27,39,1,0,1,0,0,24,82
Henry Thrun,SJ,D,23,1,2,3,-7,4,28,0,1,1,0,0,13,39
Adam Edstrom,NYR,C,1,1,0,1,1,0,3,0,0,0,0,0,2,0
Shane Pinto,OTT,C,3,1,1,2,4,0,7,0,0,0,0,0,6,3
Samuel Bolduc,NYI,D,32,1,2,3,-6,4,28,0,0,0,0,0,32,34
Nikita Okhotyuk,SJ,D,35,1,6,7,-15,40,36,1,0,0,0,0,84,61
Brayden Pachal,VGK,D,17,1,0,1,-2,12,18,0,0,0,0,0,42,23
Tyler Tucker,STL,D,15,1,1,2,1,22,10,0,0,0,0,0,27,15
Rafael Harvey-Pinard,MON,LW,21,1,5,6,-1,6,18,0,0,0,0,1,18,24
Ty Dellandrea,DAL,C,21,1,2,3,-9,10,17,0,0,0,0,0,29,8
Nick Perbix,TB,D,47,1,15,16,6,8,31,1,0,0,0,0,30,82
Mark Kastelic,OTT,C,28,1,1,2,-4,35,28,0,0,0,0,0,42,13
Noah Cates,PHI,LW,27,1,4,5,-6,0,29,0,0,0,0,1,5,15
Sebastian Aho,NYI,D,39,1,5,6,-13,6,36,0,0,2,0,0,23,53
Jordan Harris,MON,D,29,1,5,6,-4,14,22,0,0,0,0,0,9,44
Ty Emberson,SJ,D,21,1,6,7,-2,2,22,0,0,1,0,0,43,30
Angus Crookshank,OTT,LW,7,1,1,2,-1,4,7,0,0,0,0,0,14,3
Spencer Stastney,NSH,D,9,1,0,1,6,4,5,1,0,0,0,0,1,16
Alexander Alexeyev,WAS,D,13,1,0,1,-4,4,8,0,0,0,0,0,6,15
Mattias Samuelsson,BUF,D,41,1,6,7,4,26,44,1,0,0,0,0,83,86
Isac Lundestrom,ANH,LW,12,1,2,3,3,0,11,0,0,0,0,0,3,7
Calen Addison,SJ,D,41,1,11,12,-17,26,51,0,0,7,0,0,12,45
Benoit-Olivier Groulx,ANH,C,27,0,1,1,-3,12,23,0,0,0,0,0,42,16
Kevin Bahl,NJ,D,46,0,7,7,2,35,36,0,0,0,0,0,85,53
Scott Perunovich,STL,D,30,0,10,10,-5,6,23,0,0,5,0,0,7,28
Rasmus Sandin,WAS,D,38,0,11,11,-9,12,47,0,0,2,0,0,34,65
Hugh McGing,STL,LW,5,0,0,0,-5,0,4,0,0,0,0,0,6,3
Declan Chisholm,WPG,D,2,0,1,1,1,0,0,0,0,0,0,0,0,2
Johnny Gruden,PIT,LW,4,0,0,0,-2,0,0,0,0,0,0,0,12,2
Linus Karlsson,VAN,C,4,0,0,0,0,0,4,0,0,0,0,0,3,2
Jan Jenik,ARI,C,1,0,0,0,-1,0,1,0,0,0,0,0,1,1
Marian Studenic,SEA,RW,2,0,0,0,-1,2,1,0,0,0,0,0,4,0
Olle Lycksell,PHI,RW,3,0,0,0,-1,4,5,0,0,0,0,0,0,0
Samuel Walker,MIN,RW,4,0,0,0,-3,0,3,0,0,0,0,0,2,1
Philip Kemp,EDM,D,1,0,0,0,0,0,0,0,0,0,0,0,0,0
Liam Foudy,NSH,C,13,0,3,3,-2,2,7,0,0,0,0,0,5,4
Rasmus Kupari,WPG,C,20,0,1,1,-4,4,26,0,0,0,0,0,13,7
Adam Boqvist,CLS,D,20,0,7,7,-3,0,23,0,0,4,0,0,7,27
Grigori Denisenko,VGK,LW,3,0,0,0,0,2,3,0,0,0,0,0,3,2
Simon Benoit,TOR,D,32,0,1,1,1,28,30,0,0,0,0,0,90,50
Jake Christiansen,CLS,D,3,0,1,1,1,0,0,0,0,0,0,0,1,6
Trey Fix-Wolansky,CLS,RW,1,0,0,0,0,0,0,0,0,0,0,0,1,1
Cole Koepke,TB,LW,8,0,2,2,0,0,7,0,0,0,0,0,16,1
Kyle MacLean,NYI,C,4,0,0,0,0,2,1,0,0,0,0,0,7,1
Milos Kelemen,ARI,LW,10,0,1,1,-2,0,5,0,0,0,0,0,14,3
Nikolai Knyzhov,SJ,D,10,0,1,1,-6,6,6,0,0,0,0,0,9,17
Jake Lucchini,MIN,LW,7,0,0,0,-1,0,3,0,0,0,0,0,5,1
Joe Snively,WAS,LW,3,0,0,0,-1,0,0,0,0,0,0,0,1,0
Grant Hutton,NYI,D,2,0,0,0,1,0,0,0,0,0,0,0,4,1
Kirby Dach,MON,C,2,0,2,2,2,0,3,0,0,0,0,0,3,0
Tobias Bjornfot,VGK,D,3,0,0,0,-2,2,0,0,0,0,0,0,1,5
Philip Broberg,EDM,D,10,0,0,0,-2,0,4,0,0,0,0,0,3,7
Nikita Alexandrov,STL,C,15,0,1,1,-2,2,6,0,0,0,0,0,17,5
Zac Jones,NYR,D,15,0,3,3,-9,2,17,0,0,0,0,0,5,12
John Ludvig,PIT,D,19,0,1,1,-7,23,12,0,0,0,0,0,37,23
Graeme Clarke,NJ,RW,1,0,0,0,1,0,0,0,0,0,0,0,1,0
Cole Schwindt,CGY,RW,2,0,0,0,-1,2,1,0,0,0,0,0,1,1
Raphael Lavoie,EDM,C,7,0,0,0,-2,2,4,0,0,0,0,0,11,1
Ryan Johnson,BUF,D,29,0,6,6,4,10,25,0,0,0,0,0,4,29
Santeri Hatakka,NJ,D,2,0,0,0,3,0,1,0,0,0,0,0,1,2
Louis Crevier,CHI,D,15,0,3,3,-10,4,10,0,0,0,0,0,13,32
Marc Del Gaizo,NSH,D,5,0,3,3,2,2,3,0,0,0,0,0,8,7
Max Crozier,TB,D,6,0,2,2,0,5,8,0,0,0,0,0,7,9
Lukas Rousek,BUF,LW,5,0,0,0,-2,0,1,0,0,0,0,0,1,3
Vladislav Kolyachonok,ARI,D,1,0,0,0,0,2,1,0,0,0,0,0,1,0
Jordan Spence,LA,D,40,0,14,14,7,4,49,0,0,2,0,0,35,33
Marc Johnstone,PIT,RW,1,0,0,0,-1,0,0,0,0,0,0,0,2,0
Cole McWard,VAN,D,1,0,0,0,0,0,1,0,0,0,0,0,0,0
Nikolas Matinpalo,OTT,D,4,0,0,0,1,0,2,0,0,0,0,0,2,2
Akito Hirose,VAN,D,3,0,0,0,1,0,0,0,0,0,0,0,3,5
Isak Rosen,BUF,LW,7,0,0,0,-3,0,8,0,0,0,0,0,0,2
Brennan Othmann,NYR,LW,3,0,0,0,0,0,6,0,0,0,0,0,5,1
Mackie Samoskevich,FLA,C,6,0,0,0,-3,0,9,0,0,0,0,0,3,3
Olen Zellweger,ANH,D,2,0,1,1,0,0,2,0,0,1,0,0,3,4
Ryker Evans,SEA,D,13,0,4,4,0,4,25,0,0,2,0,0,17,14
Ryan Winterton,SEA,C,3,0,0,0,-1,0,1,0,0,0,0,0,1,1
Callahan Burke,CAR,C,1,0,0,0,0,0,0,0,0,0,0,0,1,0
Declan Carlile,TB,D,1,0,0,0,1,0,0,0,0,0,0,0,1,2
Lucas Condotta,MON,LW,1,0,0,0,0,0,0,0,0,0,0,0,2,0
Nick Blankenburg,CLS,D,6,0,0,0,0,0,3,0,0,0,0,0,11,12
Georgi Merkulov,BOS,LW,4,0,0,0,1,0,3,0,0,0,0,0,2,4
Jiri Kulich,BUF,C,1,0,0,0,-1,0,1,0,0,0,0,0,0,0
Shane Wright,SEA,C,3,0,0,0,-1,0,1,0,0,0,0,0,1,3
Ivan Miroshnichenko,WAS,LW,4,0,0,0,-3,2,6,0,0,0,0,0,6,1
Fraser Minten,TOR,C,4,0,0,0,0,2,3,0,0,0,0,0,3,1
Matthew Savoie,BUF,C,1,0,0,0,0,0,0,0,0,0,0,0,0,0
Adam Klapka,CGY,RW,3,0,0,0,-1,0,0,0,0,0,0,0,8,1
Filip Roos,CHI,D,4,0,0,0,-4,0,2,0,0,0,0,0,7,2
Roby Jarventie,OTT,LW,7,0,1,1,-5,4,5,0,0,0,0,0,4,6
Adam Raska,MIN,LW,5,0,0,0,0,0,0,0,0,0,0,0,11,1
Ilya Solovyov,CGY,D,6,0,2,2,-3,4,5,0,0,0,0,1,6,9
Ondrej Pavel,COL,RW,1,0,0,0,-1,0,1,0,0,0,0,0,0,0
Emil Heineman,MON,LW,4,0,0,0,2,0,0,0,0,0,0,0,4,1
Tyler Kleven,OTT,D,5,0,1,1,1,0,2,0,0,0,0,0,2,4
Emil Andrae,PHI,D,4,0,0,0,-1,0,0,0,0,0,0,0,2,6
Yan Kuznetsov,CGY,D,1,0,0,0,-1,0,2,0,0,0,0,0,0,1
Justin Sourdif,FLA,C,3,0,0,0,0,0,2,0,0,0,0,0,5,2
Jack Thompson,TB,D,1,0,0,0,0,0,1,0,0,0,0,0,2,0
Isaak Phillips,CHI,D,25,0,5,5,-19,22,22,0,0,0,0,0,35,26
Matt Kessel,STL,D,12,0,0,0,1,2,8,0,0,0,0,0,4,24
Gage Goncalves,TB,C,2,0,0,0,0,6,0,0,0,0,0,0,2,0
Daemon Hunt,MIN,D,12,0,1,1,-1,0,7,0,0,0,0,0,8,17
Lukas Cormier,VGK,D,2,0,1,1,1,0,3,0,0,1,0,0,1,2
Danil Gushchin,SJ,RW,2,0,1,1,0,0,3,0,0,0,0,0,0,5
Wyatt Kaiser,CHI,D,23,0,4,4,1,20,10,0,0,0,0,0,15,29
Oskar Olausson,COL,LW,1,0,0,0,0,0,2,0,0,0,0,0,1,2
Emil Martinsen Lilleberg,TB,D,9,0,2,2,-4,2,3,0,0,0,0,0,27,10
Brandt Clarke,LA,D,6,0,1,1,-5,0,12,0,0,1,0,0,4,9
Simon Edvinsson,DET,D,2,0,1,1,0,2,1,0,0,0,0,0,3,0
Byron Froese,VGK,C,6,0,0,0,1,4,3,0,0,0,0,0,5,5
Nicolas Deslauriers,PHI,LW,44,0,3,3,-8,53,40,0,0,0,0,0,112,18
John Klingberg,TOR,D,14,0,5,5,-7,8,14,0,0,2,0,0,11,14
Justin Holl,DET,D,33,0,5,5,8,22,10,0,0,0,0,0,33,33
Jared Spurgeon,MIN,D,16,0,5,5,5,2,21,0,0,3,0,0,12,29
Jarred Tinordi,CHI,D,28,0,6,6,-18,35,19,0,0,0,0,1,75,58
Dylan McIlrath,WAS,D,1,0,0,0,0,5,1,0,0,0,0,0,1,0
Derek Forbort,BOS,D,24,0,4,4,12,17,15,0,0,0,0,0,38,44
Riley Nash,NYR,C,1,0,0,0,0,0,1,0,0,0,0,0,0,0
Logan Couture,SJ,C,3,0,1,1,1,2,2,0,0,0,0,0,6,5
Nicklas Backstrom,WAS,C,8,0,1,1,-3,2,12,0,0,0,0,0,2,5
Alex Goligoski,MIN,D,28,0,9,9,-5,14,26,0,0,2,0,0,21,29
Milan Lucic,BOS,LW,4,0,2,2,-1,2,1,0,0,0,0,0,8,2
Luke Schenn,NSH,D,29,0,5,5,1,18,32,0,0,0,0,0,82,35
Robert Bortuzzo,NYI,D,15,0,0,0,-1,19,5,0,0,0,0,0,16,20
T.J. Brodie,TOR,D,45,0,11,11,9,22,25,0,0,0,0,0,22,96
Dmitry Kulikov,FLA,D,44,0,11,11,2,32,48,0,0,0,0,2,55,55
Cody Ceci,EDM,D,44,0,13,13,10,10,47,0,0,0,0,1,28,63
Jujhar Khaira,MIN,C,1,0,0,0,0,0,1,0,0,0,0,0,0,1
Adam Pelech,NYI,D,25,0,4,4,-1,17,26,0,0,0,0,1,19,42
Chris Tierney,NJ,C,26,0,4,4,1,2,13,0,0,0,0,0,8,5
Mackenzie MacEachern,STL,LW,8,0,1,1,-1,0,4,0,0,0,0,0,9,2
Max McCormick,SEA,LW,1,0,0,0,0,0,0,0,0,0,0,0,0,0
Nick Seeler,PHI,D,49,0,7,7,14,65,59,0,0,0,0,2,65,138
Scott Mayfield,NYI,D,33,0,4,4,-8,27,29,0,0,0,0,0,40,84
Robert Hagg,ANH,D,5,0,0,0,-4,4,6,0,0,0,0,0,13,10
Nicolas Petan,MIN,C,6,0,2,2,-2,2,11,0,0,1,0,0,3,1
John Hayden,SEA,C,2,0,0,0,-1,0,1,0,0,0,0,0,3,1
Zach Sanford,CHI,LW,21,0,5,5,0,6,15,0,0,1,0,0,12,15
Anton Blidh,NYR,LW,1,0,0,0,-1,2,1,0,0,0,0,0,1,0
Connor Clifton,BUF,D,45,0,11,11,5,46,40,0,0,0,0,0,99,60
Andreas Athanasiou,CHI,C,11,0,4,4,-5,0,20,0,0,1,0,0,3,3
Nick Jensen,WAS,D,46,0,7,7,-5,4,43,0,0,0,0,0,28,64
Scott Sabourin,SJ,RW,3,0,0,0,0,9,3,0,0,0,0,0,10,1
Matt Benning,SJ,D,14,0,2,2,-5,14,13,0,0,0,0,0,15,29
Jaycob Megna,CHI,D,12,0,1,1,0,8,6,0,0,0,0,0,16,27
Connor Brown,EDM,RW,37,0,4,4,-8,4,65,0,0,0,0,0,11,12
Justin Kirkland,ARI,LW,2,0,0,0,0,0,1,0,0,0,0,0,5,1
Mark Friedman,VAN,D,18,0,1,1,4,19,14,0,0,0,0,0,21,29
William Lagesson,TOR,D,21,0,3,3,1,19,9,0,0,0,0,0,33,32
Oskar Lindblom,SJ,LW,1,0,0,0,-1,0,0,0,0,0,0,0,1,1
Ross Johnston,ANH,LW,35,0,2,2,-4,68,26,0,0,0,0,0,55,16
Trevor van Riemsdyk,WAS,D,38,0,7,7,-9,12,39,0,0,0,0,1,5,54
Jordan Oesterle,CGY,D,21,0,2,2,-6,4,18,0,0,0,0,0,15,32
Tomas Nosek,NJ,LW,6,0,0,0,-2,0,4,0,0,0,0,0,4,3
Joel Hanley,DAL,D,24,0,3,3,5,12,11,0,0,0,0,0,22,24
Patrick Brown,BOS,C,10,0,1,1,-1,2,5,0,0,0,0,0,17,3
Oliver Kylington,CGY,D,1,0,0,0,0,0,1,0,0,0,0,0,0,2
Erik Cernak,TB,D,39,0,5,5,-3,23,31,0,0,0,0,0,90,63
Jansen Harkins,PIT,C,30,0,4,4,-3,14,28,0,0,0,0,0,42,9
Ryan Shea,PIT,D,22,0,0,0,-2,6,13,0,0,0,0,0,13,14
Caleb Jones,COL,D,20,0,4,4,5,8,16,0,0,0,0,0,23,24
Parker Wotherspoon,BOS,D,19,0,3,3,3,13,13,0,0,0,0,0,31,36
Brett Seney,CHI,LW,4,0,0,0,0,6,1,0,0,0,0,0,7,6
Adam Gaudette,STL,C,2,0,0,0,0,4,0,0,0,0,0,0,4,1
Austin Czarnik,DET,C,18,0,1,1,-3,6,14,0,0,0,0,0,1,6
Colin White,PIT,C,4,0,0,0,1,0,2,0,0,0,0,0,4,2
Noah Juulsen,VAN,D,31,0,3,3,-1,14,11,0,0,0,0,0,75,49
Jacob Bryson,BUF,D,4,0,0,0,-2,0,1,0,0,0,0,0,2,7
Jacob Peterson,SJ,LW,6,0,0,0,-3,2,3,0,0,0,0,0,5,5
Ian Mitchell,BOS,D,13,0,2,2,6,10,11,0,0,0,0,0,3,13
Jake Leschyshyn,NYR,C,1,0,0,0,-1,0,0,0,0,0,0,0,0,1
Kole Lind,SEA,RW,1,0,0,0,0,0,0,0,0,0,0,0,2,0
Dylan Samberg,WPG,D,46,0,12,12,14,33,44,0,0,0,0,1,27,68
Jaret Anderson-Dolan,LA,C,18,0,3,3,-3,4,15,0,0,0,0,0,14,13
Shane Bowers,NJ,C,3,0,0,0,1,0,2,0,0,0,0,0,1,0
Pierre-Olivier Joseph,PIT,D,18,0,3,3,-4,6,13,0,0,0,0,0,14,12
Filip Chytil,NYR,C,10,0,6,6,0,4,22,0,0,1,0,0,4,4
Cal Foote,NJ,D,4,0,1,1,3,16,0,0,0,0,0,0,3,9
Jiri Smejkal,OTT,LW,9,0,1,1,-2,0,3,0,0,0,0,0,11,5
Matthew Highmore,OTT,C,6,0,1,1,-1,0,1,0,0,0,0,0,2,4
Zach Aston-Reese,DET,C,1,0,0,0,0,0,0,0,0,0,0,0,2,0
Lucas Johansen,WAS,D,6,0,1,1,1,4,4,0,0,0,0,0,1,7
Andrew Peeke,CLS,D,17,0,6,6,-4,6,18,0,0,0,0,0,31,32
Rem Pitlick,CHI,C,8,0,0,0,-6,2,13,0,0,0,0,0,7,6
Josh Mahura,FLA,D,19,0,5,5,-4,8,16,0,0,0,0,0,16,13
Brett Murray,BUF,LW,2,0,0,0,-1,2,1,0,0,0,0,0,4,0
Victor Mete,PHI,D,1,0,0,0,0,0,0,0,0,0,0,0,0,1
Hardy Haman-Aktell,WAS,D,6,0,1,1,-2,2,5,0,0,0,0,0,8,5
William Lockwood,FLA,RW,23,0,1,1,2,14,18,0,0,0,0,0,42,7
Jacob Moverare,LA,D,5,0,0,0,-1,0,5,0,0,0,0,0,1,10
Rhett Gardner,PHI,C,1,0,0,0,0,0,0,0,0,0,0,0,1,1
Max Lajoie,TOR,D,4,0,0,0,0,0,0,0,0,0,0,0,3,5
Joona Koppanen,PIT,LW,3,0,0,0,0,0,2,0,0,0,0,0,1,1
Logan Stanley,WPG,D,7,0,0,0,1,4,5,0,0,0,0,0,7,9
Alexander Nylander,PIT,RW,5,0,0,0,0,0,10,0,0,0,0,0,2,3
Dryden Hunt,CGY,LW,4,0,0,0,-3,0,10,0,0,0,0,0,4,0
Andrew Poturalski,SEA,C,2,0,0,0,-1,0,0,0,0,0,0,0,0,0
Ilya Lyubushkin,ANH,D,46,0,4,4,-9,51,31,0,0,0,0,0,72,119
Philippe Myers,TB,D,5,0,0,0,-2,2,6,0,0,0,0,0,8,6
Samuel Laberge,NJ,LW,2,0,0,0,0,0,0,0,0,0,0,0,3,0